email,name,matched_email,matched_name,familiar_cuisine,learn_cuisine,matched_familiar_cuisine,matched_learn_cuisine
,,,,,,,
instantsloth@gmail.com,Monica Liu,houx.916@gmail.com,Ellie Hou ,"Chinese, Japanese","Chinese, Indian, Malaysian, Singaporean, Middle Eastern","Chinese, Desserts","Korean, Japanese, Indian, Vegetarian/Vegan"
Jenniferjj168@gmail.com,Jennifer,rachel.w.tham@gmail.com,Rachel Tham,"Korean, Chinese, Japanese","Singaporean, Vegetarian/Vegan, Desserts","Korean, Chinese, Desserts","Korean, Chinese, Japanese, Indian, Malaysian, Singaporean, Desserts"
houx.916@gmail.com,Ellie Hou ,instantsloth@gmail.com,Monica Liu,"Chinese, Desserts","Korean, Japanese, Indian, Vegetarian/Vegan","Chinese, Japanese","Chinese, Indian, Malaysian, Singaporean, Middle Eastern"
rachel.w.tham@gmail.com,Rachel Tham,Jenniferjj168@gmail.com,Jennifer,"Korean, Chinese, Desserts","Korean, Chinese, Japanese, Indian, Malaysian, Singaporean, Desserts","Korean, Chinese, Japanese","Singaporean, Vegetarian/Vegan, Desserts"
puppycy6@gmail.com,Claudia Yeung,rachelye99@gmail.con,Rachel Ye,Chinese,"Korean, Japanese, Desserts","Chinese, Desserts","Korean, Japanese, Indian, Vegetarian/Vegan"
rachelye99@gmail.con,Rachel Ye,puppycy6@gmail.com,Claudia Yeung,"Chinese, Desserts","Korean, Japanese, Indian, Vegetarian/Vegan",Chinese,"Korean, Japanese, Desserts"
judykeo@gmail.com,Judy Keo,janekirstenlee@gmail.com,Jane Lee,"Korean, Chinese, Japanese, Vietnamese","Korean, Chinese, Japanese, Filipino, Indian, Taiwanese","Chinese, Desserts","Korean, Japanese, Filipino, Indian, Malaysian, Singaporean, Middle Eastern, Desserts"
janekirstenlee@gmail.com,Jane Lee,judykeo@gmail.com,Judy Keo,"Chinese, Desserts","Korean, Japanese, Filipino, Indian, Malaysian, Singaporean, Middle Eastern, Desserts","Korean, Chinese, Japanese, Vietnamese","Korean, Chinese, Japanese, Filipino, Indian, Taiwanese"
shroudedstriker@gmail.com,Christopher Mamuad,grace.pjchiang@gmail.com,Grace Chiang,"Japanese, Filipino","Korean, Chinese, Japanese, Filipino, Indian, Malaysian, Singaporean, Middle Eastern, Vegetarian/Vegan, Desserts, I want to learn as much as i can about cooking informally","Korean, Chinese, Japanese","Filipino, Malaysian, Singaporean, Desserts"
grace.pjchiang@gmail.com,Grace Chiang,shroudedstriker@gmail.com,Christopher Mamuad,"Korean, Chinese, Japanese","Filipino, Malaysian, Singaporean, Desserts","Japanese, Filipino","Korean, Chinese, Japanese, Filipino, Indian, Malaysian, Singaporean, Middle Eastern, Vegetarian/Vegan, Desserts, I want to learn as much as i can about cooking informally"
sohamjs2@gmail.com,Soham Saha,diana.lee@berkeley.edu,Diana Lee,"Chinese, Japanese, Indian, Desserts","Chinese, Filipino, Singaporean, Middle Eastern","Korean, Chinese, Japanese, American, Fusion, Freestyle","Korean, Chinese, Japanese, American, Fusion, Freestyle"
diana.lee@berkeley.edu,Diana Lee,sohamjs2@gmail.com,Soham Saha,"Korean, Chinese, Japanese, American, Fusion, Freestyle","Korean, Chinese, Japanese, American, Fusion, Freestyle","Chinese, Japanese, Indian, Desserts","Chinese, Filipino, Singaporean, Middle Eastern"
chan.lydia528@gmail.com,Lydia Chan,liirene@stanford.edu,Irene Li,"Korean, Chinese, Japanese","Korean, Chinese, Japanese, Malaysian, Singaporean, Vegetarian/Vegan","Korean, Chinese, Japanese, Desserts","Korean, Chinese, Filipino, Indian, Malaysian, Singaporean, Middle Eastern, Desserts, Thai, Vietnamese"
vivzhong97@gmail.com,Vivian Zhong,9180203@gmail.com,Chris San Diego,"Chinese, General American/western","Singaporean, Middle Eastern, Vegetarian/Vegan, Vietnamese","Chinese, Filipino, Vietnamese, Laos, Cambodian ","Korean, Japanese, Malaysian, Middle Eastern, Vegetarian/Vegan"
liirene@stanford.edu,Irene Li,chan.lydia528@gmail.com,Lydia Chan,"Korean, Chinese, Japanese, Desserts","Korean, Chinese, Filipino, Indian, Malaysian, Singaporean, Middle Eastern, Desserts, Thai, Vietnamese","Korean, Chinese, Japanese","Korean, Chinese, Japanese, Malaysian, Singaporean, Vegetarian/Vegan"
michellew.cheung@mail.utoronto.ca,Michelle Cheung,isabellehblanchard@gmail.com,Isabelle Blanchard,"Chinese, Desserts","Korean, Japanese, Malaysian, Singaporean, Desserts","Korean, Chinese, Japanese, Desserts","Korean, Chinese, Japanese, Filipino, Malaysian, Singaporean, Vegetarian/Vegan"
isabellehblanchard@gmail.com,Isabelle Blanchard,michellew.cheung@mail.utoronto.ca,Michelle Cheung,"Korean, Chinese, Japanese, Desserts","Korean, Chinese, Japanese, Filipino, Malaysian, Singaporean, Vegetarian/Vegan","Chinese, Desserts","Korean, Japanese, Malaysian, Singaporean, Desserts"
mayli@andrew.cmu.edu,May Li,jshea@westmont.edu,Janet Shea,"Korean, Chinese, Japanese, Desserts","Korean, Chinese, Japanese, Filipino, Indian, Malaysian, Singaporean, Desserts","Chinese, Japanese, Desserts","Korean, Chinese, Japanese, Filipino, Malaysian, Singaporean, Vegetarian/Vegan, Desserts"
jshea@westmont.edu,Janet Shea,mayli@andrew.cmu.edu,May Li,"Chinese, Japanese, Desserts","Korean, Chinese, Japanese, Filipino, Malaysian, Singaporean, Vegetarian/Vegan, Desserts","Korean, Chinese, Japanese, Desserts","Korean, Chinese, Japanese, Filipino, Indian, Malaysian, Singaporean, Desserts"
mmchjl@gmail.com,michelle julia,banerjeearjun73@gmail.com,Arjun Banerjee,"Korean, Chinese, Japanese, Singaporean","Korean, Chinese, Japanese, Indian, Malaysian, Singaporean, Middle Eastern, Desserts","Korean, Indian","Korean, Chinese, Desserts, Vietnamese, Thai"
banerjeearjun73@gmail.com,Arjun Banerjee,mmchjl@gmail.com,michelle julia,"Korean, Indian","Korean, Chinese, Desserts, Vietnamese, Thai","Korean, Chinese, Japanese, Singaporean","Korean, Chinese, Japanese, Indian, Malaysian, Singaporean, Middle Eastern, Desserts"
nataliekwan1026@gmail.com,Natalie Kwan,swcheng2739@gmail.com,Sophia Cheng,"Chinese, Desserts","Korean, Japanese","Chinese, Vegetarian/Vegan, Desserts","Japanese, Indian, Singaporean, Middle Eastern, Vegetarian/Vegan, Desserts"
luciasyu@gmail.com,Lucia Yu ,sierrapark396@gmail.com,Sierra Park,Desserts,Desserts,"Korean, Desserts",Desserts
9180203@gmail.com,Chris San Diego,vivzhong97@gmail.com,Vivian Zhong,"Chinese, Filipino, Vietnamese, Laos, Cambodian ","Korean, Japanese, Malaysian, Middle Eastern, Vegetarian/Vegan","Chinese, General American/western","Singaporean, Middle Eastern, Vegetarian/Vegan, Vietnamese"
swcheng2739@gmail.com,Sophia Cheng,nataliekwan1026@gmail.com,Natalie Kwan,"Chinese, Vegetarian/Vegan, Desserts","Japanese, Indian, Singaporean, Middle Eastern, Vegetarian/Vegan, Desserts","Chinese, Desserts","Korean, Japanese"
wilfrid.bramantya@gmail.com,Wilfrid Bramantya,eunicehu@usc.edu,Eunice Huang,Indonesian,"Chinese, Filipino, Singaporean, Middle Eastern","Chinese, Desserts, Taiwanese ","Korean, Japanese, Singaporean, Vegetarian/Vegan"
gigimak137@gmail.com,Gigi Mak,eugenxie21@gmail.com,Eugen Xie,"Korean, Chinese, Japanese, Indian","Korean, Chinese, Japanese, Filipino, Indian, Malaysian, Singaporean, Middle Eastern, Vegetarian/Vegan, Desserts","Chinese, Japanese","Korean, Japanese, Singaporean, Desserts"
eunicehu@usc.edu,Eunice Huang,wilfrid.bramantya@gmail.com,Wilfrid Bramantya,"Chinese, Desserts, Taiwanese ","Korean, Japanese, Singaporean, Vegetarian/Vegan",Indonesian,"Chinese, Filipino, Singaporean, Middle Eastern"
eugenxie21@gmail.com,Eugen Xie,gigimak137@gmail.com,Gigi Mak,"Chinese, Japanese","Korean, Japanese, Singaporean, Desserts","Korean, Chinese, Japanese, Indian","Korean, Chinese, Japanese, Filipino, Indian, Malaysian, Singaporean, Middle Eastern, Vegetarian/Vegan, Desserts"
christine.khalil@gmail.com,Christine Khalil,melodychangsf@gmail.com,melody chang,"Chinese, Vegetarian/Vegan, Taiwanese, healthy fusion","Korean, Japanese, Filipino","Chinese, Japanese, Vegetarian/Vegan","Korean, Indian, Malaysian, Middle Eastern, Vegetarian/Vegan, Desserts, Vietnamese"
melodychangsf@gmail.com,melody chang,christine.khalil@gmail.com,Christine Khalil,"Chinese, Japanese, Vegetarian/Vegan","Korean, Indian, Malaysian, Middle Eastern, Vegetarian/Vegan, Desserts, Vietnamese","Chinese, Vegetarian/Vegan, Taiwanese, healthy fusion","Korean, Japanese, Filipino"
quach.emily13@gmail.com,Emily Quach,tiffany19qi@gmail.com,Tiffany Qi,"Korean, Japanese, Vietnamese","Japanese, Malaysian, Singaporean, Desserts","Chinese, Desserts, Bread, baking, etc","Desserts, Bread, baking, etc"
tiffany19qi@gmail.com,Tiffany Qi,quach.emily13@gmail.com,Emily Quach,"Chinese, Desserts, Bread, baking, etc","Desserts, Bread, baking, etc","Korean, Japanese, Vietnamese","Japanese, Malaysian, Singaporean, Desserts"
yycleona@gmail.com,Brenda Yu,durichan@gmail.com,Daniel Chan,Chinese,"Korean, Malaysian, Singaporean, Desserts","Chinese, Singaporean, Desserts, Hong Kong/Chinese-Western Cuisine ","Japanese, Indian, Middle Eastern"
durichan@gmail.com,Daniel Chan,yycleona@gmail.com,Brenda Yu,"Chinese, Singaporean, Desserts, Hong Kong/Chinese-Western Cuisine ","Japanese, Indian, Middle Eastern",Chinese,"Korean, Malaysian, Singaporean, Desserts"
lindasongmei@gmail.com,Linda Mei,diveesh@gmail.com,Diveesh Singh,"Korean, Chinese, Japanese, Desserts","Korean, Chinese, Japanese, Filipino, Indian, Malaysian, Singaporean, Middle Eastern, Vegetarian/Vegan, Desserts, Honestly, interested in learning about any type of cuisine!","Korean, Indian, Desserts","Chinese, Japanese, Malaysian, Singaporean"
diveesh@gmail.com,Diveesh Singh,lindasongmei@gmail.com,Linda Mei,"Korean, Indian, Desserts","Chinese, Japanese, Malaysian, Singaporean","Korean, Chinese, Japanese, Desserts","Korean, Chinese, Japanese, Filipino, Indian, Malaysian, Singaporean, Middle Eastern, Vegetarian/Vegan, Desserts, Honestly, interested in learning about any type of cuisine!"
renali.2938@gmail.com,Rena Li,foodwithmichelle@gmail.com,Michelle Fung,"Korean, Chinese, Desserts","Japanese, Malaysian, Singaporean, Middle Eastern, Desserts","Chinese, Desserts","Korean, Chinese, Japanese, Singaporean, Desserts"
foodwithmichelle@gmail.com,Michelle Fung,renali.2938@gmail.com,Rena Li,"Chinese, Desserts","Korean, Chinese, Japanese, Singaporean, Desserts","Korean, Chinese, Desserts","Japanese, Malaysian, Singaporean, Middle Eastern, Desserts"
sierrapark396@gmail.com,Sierra Park,luciasyu@gmail.com,Lucia Yu ,"Korean, Desserts",Desserts,Desserts,Desserts
batboi4321@gmail.com,Brandon truong,nmbhat@gmail.com,Nish Bhat,"Korean, Chinese, Japanese","Korean, Chinese, Japanese, Filipino, Malaysian, Singaporean, Desserts","Chinese, Japanese, Indian, Desserts","Korean, Chinese, Japanese, Desserts"
nmbhat@gmail.com,Nish Bhat,batboi4321@gmail.com,Brandon truong,"Chinese, Japanese, Indian, Desserts","Korean, Chinese, Japanese, Desserts","Korean, Chinese, Japanese","Korean, Chinese, Japanese, Filipino, Malaysian, Singaporean, Desserts"
katinayong@gmail.com,Katina Yong,jd.amandah@gmail.com,Amanda Harmon,"Chinese, Malaysian, Singaporean","Indian, Middle Eastern","Chinese, Malaysian, Singaporean, Desserts","Japanese, Filipino, Malaysian, Singaporean, Middle Eastern, Vegetarian/Vegan"
jennatran15@gmail.com,Jenna Tran,lamprimus1@gmail.com,Primus Lam,Desserts,"Korean, Chinese, Japanese, Desserts","Chinese, Japanese, Indian, Vietnamese","Korean, Filipino, Malaysian, Singaporean"
cbethany819@gmail.com,Bethany Lu,joannawong731@gmail.com,Joanna Wong,"Chinese, Desserts",Vegetarian/Vegan,"Korean, Chinese, Desserts","Korean, Chinese, Japanese, Malaysian, Singaporean, Desserts"
jd.amandah@gmail.com,Amanda Harmon,katinayong@gmail.com,Katina Yong,"Chinese, Malaysian, Singaporean, Desserts","Japanese, Filipino, Malaysian, Singaporean, Middle Eastern, Vegetarian/Vegan","Chinese, Malaysian, Singaporean","Indian, Middle Eastern"
lamprimus1@gmail.com,Primus Lam,jennatran15@gmail.com,Jenna Tran,"Chinese, Japanese, Indian, Vietnamese","Korean, Filipino, Malaysian, Singaporean",Desserts,"Korean, Chinese, Japanese, Desserts"
,,,,,,,
joannawong731@gmail.com,Joanna Wong,cbethany819@gmail.com,Bethany Lu,"Korean, Chinese, Desserts","Korean, Chinese, Japanese, Malaysian, Singaporean, Desserts","Chinese, Desserts",Vegetarian/Vegan
pattwattgb@gmail.com,Patt Wattanasupt,suzannenuyen@bunbobae.com,Suzanne Nuyen,"Desserts, Thai","Chinese, Japanese, Filipino, Desserts","Korean, Chinese, Japanese, Desserts, Vietnamese","Filipino, Indian, Malaysian, Singaporean, Vegetarian/Vegan"
suzannenuyen@bunbobae.com,Suzanne Nuyen,pattwattgb@gmail.com,Patt Wattanasupt,"Korean, Chinese, Japanese, Desserts, Vietnamese","Filipino, Indian, Malaysian, Singaporean, Vegetarian/Vegan","Desserts, Thai","Chinese, Japanese, Filipino, Desserts"
Gkim9779@gmail.com,Gina Kim,condrea.zhuang@gmail.com,Condrea Zhuang,"Korean, Italian","Chinese, Japanese, Filipino, Malaysian, Singaporean, Baking bread","Korean, Chinese, Vegetarian/Vegan, Desserts","Korean, Chinese, Japanese, Malaysian, Singaporean, Vegetarian/Vegan, Desserts"
condrea.zhuang@gmail.com,Condrea Zhuang,Gkim9779@gmail.com,Gina Kim,"Korean, Chinese, Vegetarian/Vegan, Desserts","Korean, Chinese, Japanese, Malaysian, Singaporean, Vegetarian/Vegan, Desserts","Korean, Italian","Chinese, Japanese, Filipino, Malaysian, Singaporean, Baking bread"
lixinlin@umich.edu,Lixin Lin,pzli@email.wm.edu,Paul,Chinese,"Japanese, Desserts","Chinese, Desserts","Korean, Japanese, Malaysian, Singaporean, Desserts"
ruiqian96@yahoo.com,Rui Qian,sameeha99sheikh@gmail.com,Sameeha Sheikh,"Chinese, Indian","Korean, Chinese, Japanese, Filipino, Indian, Malaysian, Singaporean, Middle Eastern","Chinese, Indian, Middle Eastern, Desserts, American-style Italian and Mexican","Malaysian, Singaporean"
pzli@email.wm.edu,Paul,lixinlin@umich.edu,Lixin Lin,"Chinese, Desserts","Korean, Japanese, Malaysian, Singaporean, Desserts",Chinese,"Japanese, Desserts"
alicekxie@gmail.com,Alice Xie,elizasun@nursing.upenn.edu,Elizabeth Sun,"Chinese, Vegetarian/Vegan, Desserts","Korean, Japanese, Filipino, Singaporean, Vegetarian/Vegan","Korean, Chinese, Desserts","Korean, Chinese, Japanese, Singaporean, Vegetarian/Vegan, Desserts"
sameeha99sheikh@gmail.com,Sameeha Sheikh,ruiqian96@yahoo.com,Rui Qian,"Chinese, Indian, Middle Eastern, Desserts, American-style Italian and Mexican","Malaysian, Singaporean","Chinese, Indian","Korean, Chinese, Japanese, Filipino, Indian, Malaysian, Singaporean, Middle Eastern"
elizasun@nursing.upenn.edu,Elizabeth Sun,alicekxie@gmail.com,Alice Xie,"Korean, Chinese, Desserts","Korean, Chinese, Japanese, Singaporean, Vegetarian/Vegan, Desserts","Chinese, Vegetarian/Vegan, Desserts","Korean, Japanese, Filipino, Singaporean, Vegetarian/Vegan"
rebekah.yi@gmail.com,Rebekah Yi,sandy41191@gmail.com,Sandra Chen,"Korean, Italian","Korean, Chinese, Japanese, Filipino, Indian, Malaysian, Singaporean, Middle Eastern, Vegetarian/Vegan, Desserts, Vietnamese ","Chinese, Japanese, Desserts","Korean, Chinese, Japanese, Indian, Desserts"
sandy41191@gmail.com,Sandra Chen,rebekah.yi@gmail.com,Rebekah Yi,"Chinese, Japanese, Desserts","Korean, Chinese, Japanese, Indian, Desserts","Korean, Italian","Korean, Chinese, Japanese, Filipino, Indian, Malaysian, Singaporean, Middle Eastern, Vegetarian/Vegan, Desserts, Vietnamese "
linashi22@gmail.com,Lina Shi,elenali9241@gmail.com,Elena Li ,"Chinese, Desserts","Korean, Chinese, Japanese, Desserts","Korean, Chinese, Desserts","Korean, Chinese, Japanese, Singaporean, Desserts"
elenali9241@gmail.com,Elena Li ,linashi22@gmail.com,Lina Shi,"Korean, Chinese, Desserts","Korean, Chinese, Japanese, Singaporean, Desserts","Chinese, Desserts","Korean, Chinese, Japanese, Desserts"
amy.skater@hotmail.com,Amy Hu,seanliu57@gmail.com,Sean Liu,"Chinese, Japanese","Korean, Chinese, Malaysian, Desserts, Vietnamese","Korean, Chinese, Japanese, Filipino","Indian, Malaysian, Singaporean, Middle Eastern"
seanliu57@gmail.com,Sean Liu,amy.skater@hotmail.com,Amy Hu,"Korean, Chinese, Japanese, Filipino","Indian, Malaysian, Singaporean, Middle Eastern","Chinese, Japanese","Korean, Chinese, Malaysian, Desserts, Vietnamese"
joannebellefu@gmail.com,Joanne Fu,szaib697@gmail.com,Sonia Zaib,"Korean, Chinese, Japanese, Malaysian","Korean, Chinese, Japanese, Filipino, Malaysian, Singaporean, Vegetarian/Vegan, Desserts","Chinese, Japanese, Indian, Middle Eastern, Vegetarian/Vegan, Desserts","Korean, Filipino, Malaysian, Singaporean"
szaib697@gmail.com,Sonia Zaib,joannebellefu@gmail.com,Joanne Fu,"Chinese, Japanese, Indian, Middle Eastern, Vegetarian/Vegan, Desserts","Korean, Filipino, Malaysian, Singaporean","Korean, Chinese, Japanese, Malaysian","Korean, Chinese, Japanese, Filipino, Malaysian, Singaporean, Vegetarian/Vegan, Desserts"
sarahetucker3@gmail.com,Sarah Tucker,stacy.t.gee@gmail.com,Stacy Gee,"Chinese, Desserts","Indian, Middle Eastern","Chinese, Desserts","Korean, Filipino, Malaysian, Singaporean, Middle Eastern, Desserts"
stacy.t.gee@gmail.com,Stacy Gee,sarahetucker3@gmail.com,Sarah Tucker,"Chinese, Desserts","Korean, Filipino, Malaysian, Singaporean, Middle Eastern, Desserts","Chinese, Desserts","Indian, Middle Eastern"
shihuakuang@gmail.com,Shiina Kuang ,william_ng97@yahoo.com,William Ng,Chinese,"Korean, Chinese, Japanese, Filipino, Indian, Malaysian, Singaporean, Middle Eastern, Vegetarian/Vegan, Desserts","Korean, Chinese, Japanese, Malaysian, Singaporean","Korean, Chinese, Japanese, Filipino, Malaysian, Singaporean, Desserts, Cakes and pastries"
william_ng97@yahoo.com,William Ng,shihuakuang@gmail.com,Shiina Kuang ,"Korean, Chinese, Japanese, Malaysian, Singaporean","Korean, Chinese, Japanese, Filipino, Malaysian, Singaporean, Desserts, Cakes and pastries",Chinese,"Korean, Chinese, Japanese, Filipino, Indian, Malaysian, Singaporean, Middle Eastern, Vegetarian/Vegan, Desserts"
charlene.luo17@gmail.com,Charlene Luo,haotongyan23@gmail.com,Hao-Tong Yan,"Korean, Chinese","Chinese, Japanese, Filipino, Indian, Middle Eastern, Thai",Chinese,Middle Eastern
haotongyan23@gmail.com,Hao-Tong Yan,charlene.luo17@gmail.com,Charlene Luo,Chinese,Middle Eastern,"Korean, Chinese","Chinese, Japanese, Filipino, Indian, Middle Eastern, Thai"
jyu6@wellesley.edu,Jennifer Yu,elyssa.ljw@gmail.com,Elyssa Liu,"Chinese, Desserts","Korean, Chinese, Japanese, Filipino, Indian, Malaysian, Singaporean, Middle Eastern, Vegetarian/Vegan, Desserts","Chinese, Malaysian, Singaporean","Korean, Japanese, Filipino, Indian, Malaysian, Singaporean, Desserts"
elyssa.ljw@gmail.com,Elyssa Liu,jyu6@wellesley.edu,Jennifer Yu,"Chinese, Malaysian, Singaporean","Korean, Japanese, Filipino, Indian, Malaysian, Singaporean, Desserts","Chinese, Desserts","Korean, Chinese, Japanese, Filipino, Indian, Malaysian, Singaporean, Middle Eastern, Vegetarian/Vegan, Desserts"
ghykko@gmail.com,Grantiana Ko,bellamusic98@gmail.com,,"Chinese, Japanese, Desserts","Chinese, Japanese, Malaysian, Vegetarian/Vegan, Desserts",Korean,"Chinese, Japanese, Desserts"
bellamusic98@gmail.com,,ghykko@gmail.com,Grantiana Ko,Korean,"Chinese, Japanese, Desserts","Chinese, Japanese, Desserts","Chinese, Japanese, Malaysian, Vegetarian/Vegan, Desserts"
biancavinoya@gmail.com,Bianca Vinoya,jennyli2907@gmail.com,Jenny Li,"Filipino, Desserts","Korean, Japanese, Middle Eastern, Vegetarian/Vegan","Chinese, Desserts","Korean, Chinese, Japanese, Filipino, Malaysian, Singaporean, Vegetarian/Vegan, Desserts"
jennyli2907@gmail.com,Jenny Li,biancavinoya@gmail.com,Bianca Vinoya,"Chinese, Desserts","Korean, Chinese, Japanese, Filipino, Malaysian, Singaporean, Vegetarian/Vegan, Desserts","Filipino, Desserts","Korean, Japanese, Middle Eastern, Vegetarian/Vegan"
,,,,,,,
,,,,,,,
,,,,,,,
,,,,,,,
,,,,,,,
,,,,,,,
,,,,,,,
,,,,,,,
,,,,,,,
,,,,,,,
,,,,,,,
,,,,,,,
,,,,,,,
,,,,,,,
,,,,,,,
,,,,,,,
,,,,,,,
,,,,,,,
,,,,,,,
,,,,,,,
,,,,,,,
,,,,,,,
,,,,,,,
,,,,,,,
,,,,,,,
,,,,,,,
,,,,,,,
,,,,,,,
,,,,,,,
,,,,,,,
,,,,,,,
,,,,,,,
,,,,,,,
,,,,,,,
,,,,,,,
,,,,,,,
,,,,,,,
,,,,,,,
,,,,,,,
,,,,,,,
,,,,,,,
,,,,,,,
,,,,,,,
,,,,,,,
,,,,,,,
,,,,,,,
,,,,,,,
,,,,,,,
,,,,,,,
,,,,,,,
,,,,,,,
,,,,,,,
,,,,,,,
,,,,,,,
,,,,,,,
,,,,,,,
,,,,,,,
,,,,,,,
,,,,,,,
,,,,,,,
,,,,,,,
,,,,,,,
,,,,,,,
,,,,,,,
,,,,,,,
,,,,,,,
,,,,,,,
,,,,,,,
,,,,,,,
,,,,,,,
,,,,,,,
,,,,,,,
,,,,,,,
,,,,,,,
,,,,,,,
,,,,,,,
,,,,,,,
,,,,,,,
,,,,,,,
,,,,,,,
,,,,,,,
,,,,,,,
,,,,,,,
,,,,,,,
,,,,,,,
,,,,,,,
,,,,,,,
,,,,,,,
,,,,,,,
,,,,,,,
,,,,,,,
,,,,,,,
,,,,,,,
,,,,,,,
,,,,,,,
,,,,,,,
,,,,,,,
,,,,,,,
,,,,,,,
,,,,,,,
,,,,,,,
,,,,,,,
,,,,,,,
,,,,,,,
,,,,,,,
,,,,,,,
,,,,,,,
,,,,,,,
,,,,,,,
,,,,,,,
,,,,,,,
,,,,,,,
,,,,,,,
,,,,,,,
,,,,,,,
,,,,,,,
,,,,,,,
,,,,,,,
,,,,,,,
,,,,,,,
,,,,,,,
,,,,,,,
,,,,,,,
,,,,,,,
,,,,,,,
,,,,,,,
,,,,,,,
,,,,,,,
,,,,,,,
,,,,,,,
,,,,,,,
,,,,,,,
,,,,,,,
,,,,,,,
,,,,,,,
,,,,,,,
,,,,,,,
,,,,,,,
,,,,,,,
,,,,,,,
,,,,,,,
,,,,,,,
,,,,,,,
,,,,,,,
,,,,,,,
,,,,,,,
,,,,,,,
,,,,,,,
,,,,,,,
,,,,,,,
,,,,,,,
,,,,,,,
,,,,,,,
,,,,,,,
,,,,,,,
,,,,,,,
,,,,,,,
,,,,,,,
,,,,,,,
,,,,,,,
,,,,,,,
,,,,,,,
,,,,,,,
,,,,,,,
,,,,,,,
,,,,,,,
,,,,,,,
,,,,,,,
,,,,,,,
,,,,,,,
,,,,,,,
,,,,,,,
,,,,,,,
,,,,,,,
,,,,,,,
,,,,,,,
,,,,,,,
,,,,,,,
,,,,,,,
,,,,,,,
,,,,,,,
,,,,,,,
,,,,,,,
,,,,,,,
,,,,,,,
,,,,,,,
,,,,,,,
,,,,,,,
,,,,,,,
,,,,,,,
,,,,,,,
,,,,,,,
,,,,,,,
,,,,,,,
,,,,,,,
,,,,,,,
,,,,,,,
,,,,,,,
,,,,,,,
,,,,,,,
,,,,,,,
,,,,,,,
,,,,,,,
,,,,,,,
,,,,,,,
,,,,,,,
,,,,,,,
,,,,,,,
,,,,,,,
,,,,,,,
,,,,,,,
,,,,,,,
,,,,,,,
,,,,,,,
,,,,,,,
,,,,,,,
,,,,,,,
,,,,,,,
,,,,,,,
,,,,,,,
,,,,,,,
,,,,,,,
,,,,,,,
,,,,,,,
,,,,,,,
,,,,,,,
,,,,,,,
,,,,,,,
,,,,,,,
,,,,,,,
,,,,,,,
,,,,,,,
,,,,,,,
,,,,,,,
,,,,,,,
,,,,,,,
,,,,,,,
,,,,,,,
,,,,,,,
,,,,,,,
,,,,,,,
,,,,,,,
,,,,,,,
,,,,,,,
,,,,,,,
,,,,,,,
,,,,,,,
,,,,,,,
,,,,,,,
,,,,,,,
,,,,,,,
,,,,,,,
,,,,,,,
,,,,,,,
,,,,,,,
,,,,,,,
,,,,,,,
,,,,,,,
,,,,,,,
,,,,,,,
,,,,,,,
,,,,,,,
,,,,,,,
,,,,,,,
,,,,,,,
,,,,,,,
,,,,,,,
,,,,,,,
,,,,,,,
,,,,,,,
,,,,,,,
,,,,,,,
,,,,,,,
,,,,,,,
,,,,,,,
,,,,,,,
,,,,,,,
,,,,,,,
,,,,,,,
,,,,,,,
,,,,,,,
,,,,,,,
,,,,,,,
,,,,,,,
,,,,,,,
,,,,,,,
,,,,,,,
,,,,,,,
,,,,,,,
,,,,,,,
,,,,,,,
,,,,,,,
,,,,,,,
,,,,,,,
,,,,,,,
,,,,,,,
,,,,,,,
,,,,,,,
,,,,,,,
,,,,,,,
,,,,,,,
,,,,,,,
,,,,,,,
,,,,,,,
,,,,,,,
,,,,,,,
,,,,,,,
,,,,,,,
,,,,,,,
,,,,,,,
,,,,,,,
,,,,,,,
,,,,,,,
,,,,,,,
,,,,,,,
,,,,,,,
,,,,,,,
,,,,,,,
,,,,,,,
,,,,,,,
,,,,,,,
,,,,,,,
,,,,,,,
,,,,,,,
,,,,,,,
,,,,,,,
,,,,,,,
,,,,,,,
,,,,,,,
,,,,,,,
,,,,,,,
,,,,,,,
,,,,,,,
,,,,,,,
,,,,,,,
,,,,,,,
,,,,,,,
,,,,,,,
,,,,,,,
,,,,,,,
,,,,,,,
,,,,,,,
,,,,,,,
,,,,,,,
,,,,,,,
,,,,,,,
,,,,,,,
,,,,,,,
,,,,,,,
,,,,,,,
,,,,,,,
,,,,,,,
,,,,,,,
,,,,,,,
,,,,,,,
,,,,,,,
,,,,,,,
,,,,,,,
,,,,,,,
,,,,,,,
,,,,,,,
,,,,,,,
,,,,,,,
,,,,,,,
